{"stats":{"minecraft:picked_up":{"minecraft:spruce_sapling":2},"minecraft:custom":{"minecraft:jump":229,"minecraft:time_since_rest":762,"minecraft:leave_game":1,"minecraft:deaths":1,"minecraft:sprint_one_cm":39215,"minecraft:play_time":9313,"minecraft:damage_taken":270,"minecraft:time_since_death":730,"minecraft:walk_one_cm":52223,"minecraft:total_world_time":9313,"minecraft:fall_one_cm":9160,"minecraft:fly_one_cm":19411},"minecraft:mined":{"minecraft:large_fern":1,"minecraft:grass":1,"minecraft:spruce_leaves":48}},"DataVersion":3465}